role,service,city,lastmod
siding-installer,,south-bend-in,2025-10-17
siding-installer,,mishawaka-in,2025-10-17
siding-installer,,elkhart-in,2025-10-17
siding-installer,,goshen-in,2025-10-17
siding-installer,,granger-in,2025-10-17
siding-installer,,plymouth-in,2025-10-17
siding-installer,,niles-mi,2025-10-17
siding-installer,,laporte-in,2025-10-17
siding-installer,,michigan-city-in,2025-10-17
siding-installer,,warsaw-in,2025-10-17
crew-lead,,south-bend-in,2025-10-17
crew-lead,,mishawaka-in,2025-10-17
crew-lead,,elkhart-in,2025-10-17
crew-lead,,goshen-in,2025-10-17
crew-lead,,granger-in,2025-10-17
crew-lead,,plymouth-in,2025-10-17
crew-lead,,niles-mi,2025-10-17
crew-lead,,laporte-in,2025-10-17
crew-lead,,michigan-city-in,2025-10-17
crew-lead,,warsaw-in,2025-10-17
project-manager,,south-bend-in,2025-10-17
project-manager,,mishawaka-in,2025-10-17
project-manager,,elkhart-in,2025-10-17
project-manager,,goshen-in,2025-10-17
project-manager,,granger-in,2025-10-17
project-manager,,plymouth-in,2025-10-17
project-manager,,niles-mi,2025-10-17
project-manager,,laporte-in,2025-10-17
project-manager,,michigan-city-in,2025-10-17
project-manager,,warsaw-in,2025-10-17
sales-consultant,,south-bend-in,2025-10-17
sales-consultant,,mishawaka-in,2025-10-17
sales-consultant,,elkhart-in,2025-10-17
sales-consultant,,goshen-in,2025-10-17
sales-consultant,,granger-in,2025-10-17
sales-consultant,,plymouth-in,2025-10-17
sales-consultant,,niles-mi,2025-10-17
sales-consultant,,laporte-in,2025-10-17
sales-consultant,,michigan-city-in,2025-10-17
sales-consultant,,warsaw-in,2025-10-17
scheduler,,south-bend-in,2025-10-17
scheduler,,mishawaka-in,2025-10-17
scheduler,,elkhart-in,2025-10-17
scheduler,,goshen-in,2025-10-17
scheduler,,granger-in,2025-10-17
scheduler,,plymouth-in,2025-10-17
scheduler,,niles-mi,2025-10-17
scheduler,,laporte-in,2025-10-17
scheduler,,michigan-city-in,2025-10-17
scheduler,,warsaw-in,2025-10-17
