service,city,lastmod
siding-repair,south-bend-in,2025-10-17
siding-repair,mishawaka-in,2025-10-17
siding-repair,elkhart-in,2025-10-17
siding-repair,goshen-in,2025-10-17
siding-repair,granger-in,2025-10-17
siding-repair,plymouth-in,2025-10-17
siding-repair,niles-mi,2025-10-17
siding-repair,laporte-in,2025-10-17
siding-repair,michigan-city-in,2025-10-17
siding-repair,warsaw-in,2025-10-17
vinyl-siding,south-bend-in,2025-10-17
vinyl-siding,mishawaka-in,2025-10-17
vinyl-siding,elkhart-in,2025-10-17
vinyl-siding,goshen-in,2025-10-17
vinyl-siding,granger-in,2025-10-17
vinyl-siding,plymouth-in,2025-10-17
vinyl-siding,niles-mi,2025-10-17
vinyl-siding,laporte-in,2025-10-17
vinyl-siding,michigan-city-in,2025-10-17
vinyl-siding,warsaw-in,2025-10-17
fiber-cement-siding,south-bend-in,2025-10-17
fiber-cement-siding,mishawaka-in,2025-10-17
fiber-cement-siding,elkhart-in,2025-10-17
fiber-cement-siding,goshen-in,2025-10-17
fiber-cement-siding,granger-in,2025-10-17
fiber-cement-siding,plymouth-in,2025-10-17
fiber-cement-siding,niles-mi,2025-10-17
fiber-cement-siding,laporte-in,2025-10-17
fiber-cement-siding,michigan-city-in,2025-10-17
fiber-cement-siding,warsaw-in,2025-10-17
soffit-fascia,south-bend-in,2025-10-17
soffit-fascia,mishawaka-in,2025-10-17
soffit-fascia,elkhart-in,2025-10-17
soffit-fascia,goshen-in,2025-10-17
soffit-fascia,granger-in,2025-10-17
soffit-fascia,plymouth-in,2025-10-17
soffit-fascia,niles-mi,2025-10-17
soffit-fascia,laporte-in,2025-10-17
soffit-fascia,michigan-city-in,2025-10-17
soffit-fascia,warsaw-in,2025-10-17
gutter-replacement,south-bend-in,2025-10-17
gutter-replacement,mishawaka-in,2025-10-17
gutter-replacement,elkhart-in,2025-10-17
gutter-replacement,goshen-in,2025-10-17
gutter-replacement,granger-in,2025-10-17
gutter-replacement,plymouth-in,2025-10-17
gutter-replacement,niles-mi,2025-10-17
gutter-replacement,laporte-in,2025-10-17
gutter-replacement,michigan-city-in,2025-10-17
gutter-replacement,warsaw-in,2025-10-17
storm-damage-repair,south-bend-in,2025-10-17
storm-damage-repair,mishawaka-in,2025-10-17
storm-damage-repair,elkhart-in,2025-10-17
storm-damage-repair,goshen-in,2025-10-17
storm-damage-repair,granger-in,2025-10-17
storm-damage-repair,plymouth-in,2025-10-17
storm-damage-repair,niles-mi,2025-10-17
storm-damage-repair,laporte-in,2025-10-17
storm-damage-repair,michigan-city-in,2025-10-17
storm-damage-repair,warsaw-in,2025-10-17
hail-damage-inspection,south-bend-in,2025-10-17
hail-damage-inspection,mishawaka-in,2025-10-17
hail-damage-inspection,elkhart-in,2025-10-17
hail-damage-inspection,goshen-in,2025-10-17
hail-damage-inspection,granger-in,2025-10-17
hail-damage-inspection,plymouth-in,2025-10-17
hail-damage-inspection,niles-mi,2025-10-17
hail-damage-inspection,laporte-in,2025-10-17
hail-damage-inspection,michigan-city-in,2025-10-17
hail-damage-inspection,warsaw-in,2025-10-17
insurance-claims-assist,south-bend-in,2025-10-17
insurance-claims-assist,mishawaka-in,2025-10-17
insurance-claims-assist,elkhart-in,2025-10-17
insurance-claims-assist,goshen-in,2025-10-17
insurance-claims-assist,granger-in,2025-10-17
insurance-claims-assist,plymouth-in,2025-10-17
insurance-claims-assist,niles-mi,2025-10-17
insurance-claims-assist,laporte-in,2025-10-17
insurance-claims-assist,michigan-city-in,2025-10-17
insurance-claims-assist,warsaw-in,2025-10-17
