Query,Intent,Location,Service Type
siding repair south bend,transactional,south-bend,siding-repair
vinyl siding south bend,transactional,south-bend,vinyl-siding
fiber cement siding contractors,transactional,general,fiber-cement-siding
gutter repair south bend,transactional,south-bend,gutter-replacement
storm damage siding,transactional,general,storm-damage
home exterior repair,transactional,general,exterior-repair
siding installer near me,transactional,general,siding-installation
south bend siding company,informational,south-bend,general
siding installation mishawaka,transactional,mishawaka,siding-installation
siding replacement granger,transactional,granger,siding-repair
vinyl siding elkhart,transactional,elkhart,vinyl-siding
fascia soffit repair,transactional,general,fascia-soffit
hardie board siding,transactional,general,fiber-cement-siding
gutter replacement,transactional,general,gutter-replacement
exterior home renovation,transactional,general,exterior-repair

